date,monument_id,actual,baseline_pred
2024-10-01,M001,3350,2075.0
2024-10-01,M005,1691,2696.0
2024-10-01,M004,1614,1503.0
2024-10-01,M002,1661,0.0
2024-10-01,M003,1225,860.0
2024-10-02,M004,1885,1614.0
2024-10-02,M003,1796,1225.0
2024-10-02,M005,3285,1691.0
2024-10-02,M001,4069,3350.0
2024-10-02,M002,2361,1661.0
2024-10-03,M005,1968,3285.0
2024-10-03,M003,1269,1796.0
2024-10-03,M002,1780,2361.0
2024-10-03,M004,1590,1885.0
2024-10-03,M001,3400,4069.0
2024-10-04,M002,1686,1780.0
2024-10-04,M005,1691,1968.0
2024-10-04,M001,0,0.0
2024-10-04,M004,1415,1590.0
2024-10-04,M003,1285,1269.0
2024-10-05,M002,2735,1686.0
2024-10-05,M001,4685,0.0
2024-10-05,M005,2860,1691.0
2024-10-05,M003,1917,1285.0
2024-10-05,M004,2100,1415.0
2024-10-06,M003,1837,1917.0
2024-10-06,M002,2583,2735.0
2024-10-06,M004,2096,2100.0
2024-10-06,M001,4846,4685.0
2024-10-06,M005,2687,2860.0
2024-10-07,M004,1494,2096.0
2024-10-07,M002,0,0.0
2024-10-07,M001,3370,4846.0
2024-10-07,M003,1293,1837.0
2024-10-07,M005,2408,2687.0
2024-10-08,M002,1880,0.0
2024-10-08,M001,3425,3370.0
2024-10-08,M004,1433,1494.0
2024-10-08,M003,1294,1293.0
2024-10-08,M005,2695,2408.0
2024-10-09,M001,3432,3425.0
2024-10-09,M004,1507,1433.0
2024-10-09,M002,1685,1880.0
2024-10-09,M005,1995,2695.0
2024-10-09,M003,1365,1294.0
2024-10-10,M004,1487,1507.0
2024-10-10,M005,2038,1995.0
2024-10-10,M001,3154,3432.0
2024-10-10,M003,1295,1365.0
2024-10-10,M002,1821,1685.0
2024-10-11,M004,2218,1487.0
2024-10-11,M002,3000,1821.0
2024-10-11,M005,4000,2038.0
2024-10-11,M003,2000,1295.0
2024-10-11,M001,0,0.0
2024-10-12,M003,2000,2000.0
2024-10-12,M005,4000,4000.0
2024-10-12,M001,5000,0.0
2024-10-12,M002,3000,3000.0
2024-10-12,M004,2500,2218.0
2024-10-13,M003,1946,2000.0
2024-10-13,M004,2294,2500.0
2024-10-13,M002,2456,3000.0
2024-10-13,M005,3716,4000.0
2024-10-13,M001,4868,5000.0
2024-10-14,M005,1764,3716.0
2024-10-14,M003,1260,1946.0
2024-10-14,M001,3020,4868.0
2024-10-14,M004,1620,2294.0
2024-10-14,M002,0,0.0
2024-10-15,M003,1249,1260.0
2024-10-15,M001,3226,3020.0
2024-10-15,M004,1616,1620.0
2024-10-15,M005,1971,1764.0
2024-10-15,M002,1821,0.0
2024-10-16,M005,2446,1971.0
2024-10-16,M003,1256,1249.0
2024-10-16,M002,1907,1821.0
2024-10-16,M001,3097,3226.0
2024-10-16,M004,1364,1616.0
2024-10-17,M001,3098,3097.0
2024-10-17,M004,1670,1364.0
2024-10-17,M002,1904,1907.0
2024-10-17,M003,1222,1256.0
2024-10-17,M005,1755,2446.0
2024-10-18,M005,2148,1755.0
2024-10-18,M002,1787,1904.0
2024-10-18,M003,1288,1222.0
2024-10-18,M004,1493,1670.0
2024-10-18,M001,0,0.0
2024-10-19,M005,3690,2148.0
2024-10-19,M001,4507,0.0
2024-10-19,M003,1803,1288.0
2024-10-19,M002,2865,1787.0
2024-10-19,M004,2083,1493.0
2024-10-20,M003,1803,1803.0
2024-10-20,M004,2209,2083.0
2024-10-20,M001,4786,4507.0
2024-10-20,M002,2556,2865.0
2024-10-20,M005,3704,3690.0
2024-10-21,M002,0,0.0
2024-10-21,M005,2117,3704.0
2024-10-21,M003,1278,1803.0
2024-10-21,M001,3487,4786.0
2024-10-21,M004,1521,2209.0
2024-10-22,M002,1738,0.0
2024-10-22,M005,2592,2117.0
2024-10-22,M003,1207,1278.0
2024-10-22,M001,3137,3487.0
2024-10-22,M004,1573,1521.0
2024-10-23,M002,1877,1738.0
2024-10-23,M001,3253,3137.0
2024-10-23,M003,1363,1207.0
2024-10-23,M005,2475,2592.0
2024-10-23,M004,1475,1573.0
2024-10-24,M005,2056,2475.0
2024-10-24,M001,3072,3253.0
2024-10-24,M004,1364,1475.0
2024-10-24,M003,1254,1363.0
2024-10-24,M002,1864,1877.0
2024-10-25,M001,0,0.0
2024-10-25,M002,1906,1864.0
2024-10-25,M004,1532,1364.0
2024-10-25,M005,2582,2056.0
2024-10-25,M003,1286,1254.0
2024-10-26,M003,1990,1286.0
2024-10-26,M004,2289,1532.0
2024-10-26,M005,2803,2582.0
2024-10-26,M001,4636,0.0
2024-10-26,M002,2637,1906.0
2024-10-27,M004,2214,2289.0
2024-10-27,M002,2396,2637.0
2024-10-27,M001,4526,4636.0
2024-10-27,M005,2943,2803.0
2024-10-27,M003,1712,1990.0
2024-10-28,M005,2225,2943.0
2024-10-28,M003,1249,1712.0
2024-10-28,M002,0,0.0
2024-10-28,M004,1453,2214.0
2024-10-28,M001,3293,4526.0
2024-10-29,M004,1527,1453.0
2024-10-29,M003,1335,1249.0
2024-10-29,M001,3331,3293.0
2024-10-29,M005,2488,2225.0
2024-10-29,M002,1758,0.0
2024-10-30,M005,2148,2488.0
2024-10-30,M001,3421,3331.0
2024-10-30,M004,1571,1527.0
2024-10-30,M002,1783,1758.0
2024-10-30,M003,1252,1335.0
2024-10-31,M001,4918,3421.0
2024-10-31,M004,2305,1571.0
2024-10-31,M003,2000,1252.0
2024-10-31,M002,2650,1783.0
2024-10-31,M005,3479,2148.0
2024-11-01,M004,2500,2305.0
2024-11-01,M005,2917,3479.0
2024-11-01,M001,0,0.0
2024-11-01,M003,2000,2000.0
2024-11-01,M002,3000,2650.0
2024-11-02,M004,2500,2500.0
2024-11-02,M002,3000,3000.0
2024-11-02,M001,5000,0.0
2024-11-02,M005,3401,2917.0
2024-11-02,M003,2000,2000.0
2024-11-03,M004,2500,2500.0
2024-11-03,M002,2873,3000.0
2024-11-03,M001,5000,5000.0
2024-11-03,M003,2000,2000.0
2024-11-03,M005,2628,3401.0
2024-11-04,M005,2675,2628.0
2024-11-04,M003,1519,2000.0
2024-11-04,M001,4432,5000.0
2024-11-04,M004,1966,2500.0
2024-11-04,M002,0,0.0
2024-11-05,M002,2268,0.0
2024-11-05,M004,1794,1966.0
2024-11-05,M005,2413,2675.0
2024-11-05,M003,1336,1519.0
2024-11-05,M001,4315,4432.0
2024-11-06,M001,4037,4315.0
2024-11-06,M002,2180,2268.0
2024-11-06,M003,1493,1336.0
2024-11-06,M005,1955,2413.0
2024-11-06,M004,1803,1794.0
2024-11-07,M004,1769,1803.0
2024-11-07,M001,4038,4037.0
2024-11-07,M002,2220,2180.0
2024-11-07,M003,1474,1493.0
2024-11-07,M005,1928,1955.0
2024-11-08,M001,0,0.0
2024-11-08,M005,2998,1928.0
2024-11-08,M004,1882,1769.0
2024-11-08,M003,1429,1474.0
2024-11-08,M002,2167,2220.0
2024-11-09,M005,2833,2998.0
2024-11-09,M004,2500,1882.0
2024-11-09,M003,2000,1429.0
2024-11-09,M002,3000,2167.0
2024-11-09,M001,5000,0.0
2024-11-10,M001,5000,5000.0
2024-11-10,M004,2500,2500.0
2024-11-10,M002,3000,3000.0
2024-11-10,M003,2000,2000.0
2024-11-10,M005,3294,2833.0
2024-11-11,M005,2213,3294.0
2024-11-11,M003,1474,2000.0
2024-11-11,M001,3710,5000.0
2024-11-11,M002,0,0.0
2024-11-11,M004,1847,2500.0
2024-11-12,M005,1821,2213.0
2024-11-12,M002,2270,0.0
2024-11-12,M001,3795,3710.0
2024-11-12,M004,1657,1847.0
2024-11-12,M003,1513,1474.0
2024-11-13,M003,1581,1513.0
2024-11-13,M004,1906,1657.0
2024-11-13,M002,2135,2270.0
2024-11-13,M001,3743,3795.0
2024-11-13,M005,1730,1821.0
2024-11-14,M005,2321,1730.0
2024-11-14,M004,1771,1906.0
2024-11-14,M001,4130,3743.0
2024-11-14,M003,1409,1581.0
2024-11-14,M002,2152,2135.0
2024-11-15,M001,0,0.0
2024-11-15,M002,2881,2152.0
2024-11-15,M003,1822,1409.0
2024-11-15,M005,3247,2321.0
2024-11-15,M004,2283,1771.0
2024-11-16,M003,2000,1822.0
2024-11-16,M005,3984,3247.0
2024-11-16,M002,2966,2881.0
2024-11-16,M001,5000,0.0
2024-11-16,M004,2500,2283.0
2024-11-17,M003,2000,2000.0
2024-11-17,M001,5000,5000.0
2024-11-17,M002,3000,2966.0
2024-11-17,M004,2387,2500.0
2024-11-17,M005,2793,3984.0
2024-11-18,M001,4288,5000.0
2024-11-18,M003,1438,2000.0
2024-11-18,M004,1925,2387.0
2024-11-18,M005,2364,2793.0
2024-11-18,M002,0,0.0
2024-11-19,M003,1701,1438.0
2024-11-19,M001,4091,4288.0
2024-11-19,M002,2161,0.0
2024-11-19,M004,1856,1925.0
2024-11-19,M005,2359,2364.0
2024-11-20,M001,4265,4091.0
2024-11-20,M003,1376,1701.0
2024-11-20,M002,2007,2161.0
2024-11-20,M004,1727,1856.0
2024-11-20,M005,2537,2359.0
2024-11-21,M002,2125,2007.0
2024-11-21,M001,4141,4265.0
2024-11-21,M005,2765,2537.0
2024-11-21,M004,1841,1727.0
2024-11-21,M003,1448,1376.0
2024-11-22,M002,2387,2125.0
2024-11-22,M005,2983,2765.0
2024-11-22,M001,0,0.0
2024-11-22,M004,1911,1841.0
2024-11-22,M003,1515,1448.0
2024-11-23,M005,4000,2983.0
2024-11-23,M001,5000,0.0
2024-11-23,M002,3000,2387.0
2024-11-23,M004,2500,1911.0
2024-11-23,M003,2000,1515.0
2024-11-24,M003,2000,2000.0
2024-11-24,M004,2500,2500.0
2024-11-24,M005,2608,4000.0
2024-11-24,M001,5000,5000.0
2024-11-24,M002,3000,3000.0
2024-11-25,M005,1878,2608.0
2024-11-25,M002,0,0.0
2024-11-25,M004,1726,2500.0
2024-11-25,M001,4157,5000.0
2024-11-25,M003,1519,2000.0
2024-11-26,M001,3806,4157.0
2024-11-26,M004,1798,1726.0
2024-11-26,M005,2436,1878.0
2024-11-26,M003,1556,1519.0
2024-11-26,M002,1971,0.0
2024-11-27,M005,1826,2436.0
2024-11-27,M004,1945,1798.0
2024-11-27,M002,1995,1971.0
2024-11-27,M003,1602,1556.0
2024-11-27,M001,3999,3806.0
2024-11-28,M003,1365,1602.0
2024-11-28,M005,2101,1826.0
2024-11-28,M002,2136,1995.0
2024-11-28,M004,1860,1945.0
2024-11-28,M001,3955,3999.0
2024-11-29,M005,2831,2101.0
2024-11-29,M004,1848,1860.0
2024-11-29,M003,1477,1365.0
2024-11-29,M002,2151,2136.0
2024-11-29,M001,0,0.0
2024-11-30,M003,2000,1477.0
2024-11-30,M002,3000,2151.0
2024-11-30,M004,2500,1848.0
2024-11-30,M005,2383,2831.0
2024-11-30,M001,5000,0.0
2024-12-01,M002,3000,3000.0
2024-12-01,M005,3537,2383.0
2024-12-01,M004,2354,2500.0
2024-12-01,M001,5000,5000.0
2024-12-01,M003,2000,2000.0
2024-12-02,M003,1493,2000.0
2024-12-02,M005,2754,3537.0
2024-12-02,M002,0,0.0
2024-12-02,M001,3703,5000.0
2024-12-02,M004,1773,2354.0
2024-12-03,M004,1844,1773.0
2024-12-03,M003,1512,1493.0
2024-12-03,M001,4184,3703.0
2024-12-03,M005,1724,2754.0
2024-12-03,M002,1962,0.0
2024-12-04,M005,2293,1724.0
2024-12-04,M004,1572,1844.0
2024-12-04,M001,3870,4184.0
2024-12-04,M003,1597,1512.0
2024-12-04,M002,1871,1962.0
2024-12-05,M002,2014,1871.0
2024-12-05,M001,4127,3870.0
2024-12-05,M004,1591,1572.0
2024-12-05,M005,1856,2293.0
2024-12-05,M003,1426,1597.0
2024-12-06,M002,2233,2014.0
2024-12-06,M004,1663,1591.0
2024-12-06,M001,0,0.0
2024-12-06,M003,1483,1426.0
2024-12-06,M005,1835,1856.0
2024-12-07,M005,2788,1835.0
2024-12-07,M004,2445,1663.0
2024-12-07,M002,2793,2233.0
2024-12-07,M001,5000,0.0
2024-12-07,M003,2000,1483.0
2024-12-08,M001,5000,5000.0
2024-12-08,M002,2803,2793.0
2024-12-08,M005,3373,2788.0
2024-12-08,M003,2000,2000.0
2024-12-08,M004,2500,2445.0
2024-12-09,M005,2783,3373.0
2024-12-09,M002,0,0.0
2024-12-09,M001,4345,5000.0
2024-12-09,M004,1790,2500.0
2024-12-09,M003,1421,2000.0
2024-12-10,M002,1976,0.0
2024-12-10,M004,1907,1790.0
2024-12-10,M001,4007,4345.0
2024-12-10,M005,2159,2783.0
2024-12-10,M003,1458,1421.0
2024-12-11,M001,3948,4007.0
2024-12-11,M005,2310,2159.0
2024-12-11,M002,2195,1976.0
2024-12-11,M004,1684,1907.0
2024-12-11,M003,1443,1458.0
2024-12-12,M001,3903,3948.0
2024-12-12,M004,1807,1684.0
2024-12-12,M005,2142,2310.0
2024-12-12,M002,2033,2195.0
2024-12-12,M003,1566,1443.0
2024-12-13,M004,1626,1807.0
2024-12-13,M005,2332,2142.0
2024-12-13,M001,0,0.0
2024-12-13,M002,2131,2033.0
2024-12-13,M003,1436,1566.0
2024-12-14,M005,3567,2332.0
2024-12-14,M002,2961,2131.0
2024-12-14,M004,2335,1626.0
2024-12-14,M001,5000,0.0
2024-12-14,M003,2000,1436.0
2024-12-15,M005,3573,3567.0
2024-12-15,M001,5000,5000.0
2024-12-15,M002,3000,2961.0
2024-12-15,M003,2000,2000.0
2024-12-15,M004,2500,2335.0
2024-12-16,M003,1467,2000.0
2024-12-16,M005,2931,3573.0
2024-12-16,M004,1690,2500.0
2024-12-16,M001,3316,5000.0
2024-12-16,M002,0,0.0
2024-12-17,M005,1697,2931.0
2024-12-17,M001,3848,3316.0
2024-12-17,M002,2093,0.0
2024-12-17,M003,1545,1467.0
2024-12-17,M004,1671,1690.0
2024-12-18,M004,1690,1671.0
2024-12-18,M001,3646,3848.0
2024-12-18,M002,2151,2093.0
2024-12-18,M003,1514,1545.0
2024-12-18,M005,2958,1697.0
2024-12-19,M001,4234,3646.0
2024-12-19,M005,1949,2958.0
2024-12-19,M003,1598,1514.0
2024-12-19,M002,2200,2151.0
2024-12-19,M004,1839,1690.0
2024-12-20,M001,0,0.0
2024-12-20,M004,1724,1839.0
2024-12-20,M005,2969,1949.0
2024-12-20,M002,2195,2200.0
2024-12-20,M003,1555,1598.0
2024-12-21,M002,3000,2195.0
2024-12-21,M001,5000,0.0
2024-12-21,M005,2700,2969.0
2024-12-21,M003,2000,1555.0
2024-12-21,M004,2449,1724.0
2024-12-22,M005,3736,2700.0
2024-12-22,M003,2000,2000.0
2024-12-22,M001,5000,5000.0
2024-12-22,M002,3000,3000.0
2024-12-22,M004,2500,2449.0
2024-12-23,M005,2643,3736.0
2024-12-23,M004,1971,2500.0
2024-12-23,M001,4155,5000.0
2024-12-23,M002,0,0.0
2024-12-23,M003,1756,2000.0
2024-12-24,M005,3283,2643.0
2024-12-24,M001,4241,4155.0
2024-12-24,M004,1872,1971.0
2024-12-24,M002,2364,0.0
2024-12-24,M003,1649,1756.0
2024-12-25,M002,3000,2364.0
2024-12-25,M004,2500,1872.0
2024-12-25,M005,4000,3283.0
2024-12-25,M001,5000,4241.0
2024-12-25,M003,2000,1649.0
2024-12-26,M001,4526,5000.0
2024-12-26,M002,2560,3000.0
2024-12-26,M004,2084,2500.0
2024-12-26,M005,3214,4000.0
2024-12-26,M003,1712,2000.0
2024-12-27,M005,2127,3214.0
2024-12-27,M001,0,0.0
2024-12-27,M004,1820,2084.0
2024-12-27,M002,2397,2560.0
2024-12-27,M003,1791,1712.0
2024-12-28,M003,2000,1791.0
2024-12-28,M001,5000,0.0
2024-12-28,M005,4000,2127.0
2024-12-28,M002,3000,2397.0
2024-12-28,M004,2500,1820.0
2024-12-29,M001,5000,5000.0
2024-12-29,M003,2000,2000.0
2024-12-29,M002,3000,3000.0
2024-12-29,M005,3233,4000.0
2024-12-29,M004,2500,2500.0
2024-12-30,M005,3424,3233.0
2024-12-30,M002,0,0.0
2024-12-30,M001,4581,5000.0
2024-12-30,M004,2037,2500.0
2024-12-30,M003,1823,2000.0
2024-12-31,M003,1737,1823.0
2024-12-31,M002,2284,0.0
2024-12-31,M001,4679,4581.0
2024-12-31,M004,1917,2037.0
2024-12-31,M005,2030,3424.0
