date,monument_id,actual,proposed_model_pred
2024-10-01,M001,3350,3101.4
2024-10-01,M005,1691,1987.5
2024-10-01,M004,1614,1418.7
2024-10-01,M002,1661,1680.3
2024-10-01,M003,1225,1284.7
2024-10-02,M004,1885,1796.1
2024-10-02,M003,1796,1698.6
2024-10-02,M005,3285,3381.5
2024-10-02,M001,4069,3877.0
2024-10-02,M002,2361,2185.1
2024-10-03,M005,1968,2439.1
2024-10-03,M003,1269,1289.2
2024-10-03,M002,1780,1685.5
2024-10-03,M004,1590,1427.3
2024-10-03,M001,3400,3092.8
2024-10-04,M002,1686,1682.6
2024-10-04,M005,1691,2012.0
2024-10-04,M001,0,90.5
2024-10-04,M004,1415,1496.1
2024-10-04,M003,1285,1299.3
2024-10-05,M002,2735,2412.2
2024-10-05,M001,4685,4186.2
2024-10-05,M005,2860,3613.9
2024-10-05,M003,1917,1892.7
2024-10-05,M004,2100,2239.0
2024-10-06,M003,1837,1878.1
2024-10-06,M002,2583,2657.5
2024-10-06,M004,2096,2248.5
2024-10-06,M001,4846,4602.1
2024-10-06,M005,2687,3609.7
2024-10-07,M004,1494,1516.6
2024-10-07,M002,0,0.0
2024-10-07,M001,3370,3073.5
2024-10-07,M003,1293,1315.6
2024-10-07,M005,2408,2745.5
2024-10-08,M002,1880,1793.0
2024-10-08,M001,3425,3477.4
2024-10-08,M004,1433,1497.5
2024-10-08,M003,1294,1289.2
2024-10-08,M005,2695,2746.6
2024-10-09,M001,3432,3460.3
2024-10-09,M004,1507,1488.7
2024-10-09,M002,1685,1858.1
2024-10-09,M005,1995,2451.1
2024-10-09,M003,1365,1305.0
2024-10-10,M004,1487,1487.4
2024-10-10,M005,2038,2401.8
2024-10-10,M001,3154,3157.6
2024-10-10,M003,1295,1284.7
2024-10-10,M002,1821,1787.9
2024-10-11,M004,2218,2370.7
2024-10-11,M002,3000,2815.2
2024-10-11,M005,4000,4173.9
2024-10-11,M003,2000,1967.4
2024-10-11,M001,0,60.3
2024-10-12,M003,2000,2201.9
2024-10-12,M005,4000,3423.7
2024-10-12,M001,5000,4823.1
2024-10-12,M002,3000,3120.3
2024-10-12,M004,2500,2622.8
2024-10-13,M003,1946,1990.8
2024-10-13,M004,2294,2282.7
2024-10-13,M002,2456,2652.6
2024-10-13,M005,3716,3953.4
2024-10-13,M001,4868,4685.2
2024-10-14,M005,1764,2042.2
2024-10-14,M003,1260,1320.0
2024-10-14,M001,3020,3111.5
2024-10-14,M004,1620,1598.1
2024-10-14,M002,0,20.5
2024-10-15,M003,1249,1315.7
2024-10-15,M001,3226,2990.6
2024-10-15,M004,1616,1602.5
2024-10-15,M005,1971,2346.8
2024-10-15,M002,1821,1894.5
2024-10-16,M005,2446,2791.1
2024-10-16,M003,1256,1301.0
2024-10-16,M002,1907,1902.5
2024-10-16,M001,3097,3171.7
2024-10-16,M004,1364,1600.0
2024-10-17,M001,3098,3153.2
2024-10-17,M004,1670,1561.7
2024-10-17,M002,1904,1915.4
2024-10-17,M003,1222,1292.6
2024-10-17,M005,1755,2138.6
2024-10-18,M005,2148,2356.5
2024-10-18,M002,1787,1885.1
2024-10-18,M003,1288,1307.8
2024-10-18,M004,1493,1578.3
2024-10-18,M001,0,23.9
2024-10-19,M005,3690,3926.2
2024-10-19,M001,4507,4174.5
2024-10-19,M003,1803,1944.3
2024-10-19,M002,2865,2743.7
2024-10-19,M004,2083,2311.1
2024-10-20,M003,1803,1968.6
2024-10-20,M004,2209,2257.4
2024-10-20,M001,4786,4646.6
2024-10-20,M002,2556,2724.7
2024-10-20,M005,3704,4105.2
2024-10-21,M002,0,3.8
2024-10-21,M005,2117,2425.3
2024-10-21,M003,1278,1260.2
2024-10-21,M001,3487,3028.0
2024-10-21,M004,1521,1524.8
2024-10-22,M002,1738,1763.1
2024-10-22,M005,2592,2748.9
2024-10-22,M003,1207,1289.9
2024-10-22,M001,3137,3140.6
2024-10-22,M004,1573,1494.5
2024-10-23,M002,1877,1795.1
2024-10-23,M001,3253,3102.0
2024-10-23,M003,1363,1278.8
2024-10-23,M005,2475,2737.1
2024-10-23,M004,1475,1487.3
2024-10-24,M005,2056,2374.7
2024-10-24,M001,3072,3156.5
2024-10-24,M004,1364,1496.2
2024-10-24,M003,1254,1288.4
2024-10-24,M002,1864,1818.5
2024-10-25,M001,0,0.0
2024-10-25,M002,1906,1806.8
2024-10-25,M004,1532,1469.5
2024-10-25,M005,2582,2799.8
2024-10-25,M003,1286,1256.7
2024-10-26,M003,1990,1921.9
2024-10-26,M004,2289,2221.1
2024-10-26,M005,2803,3543.7
2024-10-26,M001,4636,4191.5
2024-10-26,M002,2637,2705.8
2024-10-27,M004,2214,2217.8
2024-10-27,M002,2396,2728.0
2024-10-27,M001,4526,4317.6
2024-10-27,M005,2943,3133.9
2024-10-27,M003,1712,1925.6
2024-10-28,M005,2225,2445.5
2024-10-28,M003,1249,1246.4
2024-10-28,M002,0,53.8
2024-10-28,M004,1453,1514.3
2024-10-28,M001,3293,3043.0
2024-10-29,M004,1527,1477.6
2024-10-29,M003,1335,1272.6
2024-10-29,M001,3331,3147.2
2024-10-29,M005,2488,2752.1
2024-10-29,M002,1758,1777.9
2024-10-30,M005,2148,2467.0
2024-10-30,M001,3421,3100.0
2024-10-30,M004,1571,1520.5
2024-10-30,M002,1783,1785.8
2024-10-30,M003,1252,1264.7
2024-10-31,M001,4918,4488.4
2024-10-31,M004,2305,2374.0
2024-10-31,M003,2000,1986.1
2024-10-31,M002,2650,2678.3
2024-10-31,M005,3479,4051.9
2024-11-01,M004,2500,2393.5
2024-11-01,M005,2917,3904.0
2024-11-01,M001,0,0.0
2024-11-01,M003,2000,2013.0
2024-11-01,M002,3000,2631.4
2024-11-02,M004,2500,2654.7
2024-11-02,M002,3000,3054.6
2024-11-02,M001,5000,4607.2
2024-11-02,M005,3401,3179.6
2024-11-02,M003,2000,2144.5
2024-11-03,M004,2500,2480.5
2024-11-03,M002,2873,2751.6
2024-11-03,M001,5000,4716.4
2024-11-03,M003,2000,1958.9
2024-11-03,M005,2628,3075.3
2024-11-04,M005,2675,2770.8
2024-11-04,M003,1519,1345.3
2024-11-04,M001,4432,3437.4
2024-11-04,M004,1966,1679.2
2024-11-04,M002,0,0.0
2024-11-05,M002,2268,1942.9
2024-11-05,M004,1794,1749.8
2024-11-05,M005,2413,2336.9
2024-11-05,M003,1336,1349.0
2024-11-05,M001,4315,3616.5
2024-11-06,M001,4037,3710.0
2024-11-06,M002,2180,2006.2
2024-11-06,M003,1493,1372.0
2024-11-06,M005,1955,1980.7
2024-11-06,M004,1803,1746.6
2024-11-07,M004,1769,1784.0
2024-11-07,M001,4038,3777.3
2024-11-07,M002,2220,2027.4
2024-11-07,M003,1474,1386.9
2024-11-07,M005,1928,2115.7
2024-11-08,M001,0,0.0
2024-11-08,M005,2998,2808.2
2024-11-08,M004,1882,1698.1
2024-11-08,M003,1429,1374.5
2024-11-08,M002,2167,1997.2
2024-11-09,M005,2833,3215.0
2024-11-09,M004,2500,2429.8
2024-11-09,M003,2000,1935.9
2024-11-09,M002,3000,2749.3
2024-11-09,M001,5000,4554.9
2024-11-10,M001,5000,4442.6
2024-11-10,M004,2500,2435.3
2024-11-10,M002,3000,2778.1
2024-11-10,M003,2000,2001.2
2024-11-10,M005,3294,3684.6
2024-11-11,M005,2213,2335.1
2024-11-11,M003,1474,1341.8
2024-11-11,M001,3710,3665.2
2024-11-11,M002,0,0.0
2024-11-11,M004,1847,1672.1
2024-11-12,M005,1821,2006.3
2024-11-12,M002,2270,1956.2
2024-11-12,M001,3795,3883.1
2024-11-12,M004,1657,1643.7
2024-11-12,M003,1513,1272.9
2024-11-13,M003,1581,1351.5
2024-11-13,M004,1906,1677.6
2024-11-13,M002,2135,1983.0
2024-11-13,M001,3743,3837.3
2024-11-13,M005,1730,2033.5
2024-11-14,M005,2321,2468.8
2024-11-14,M004,1771,1651.0
2024-11-14,M001,4130,3559.5
2024-11-14,M003,1409,1332.1
2024-11-14,M002,2152,1943.9
2024-11-15,M001,0,0.0
2024-11-15,M002,2881,2606.7
2024-11-15,M003,1822,1846.0
2024-11-15,M005,3247,3349.9
2024-11-15,M004,2283,2077.8
2024-11-16,M003,2000,2039.3
2024-11-16,M005,3984,4018.9
2024-11-16,M002,2966,2812.5
2024-11-16,M001,5000,4614.4
2024-11-16,M004,2500,2405.7
2024-11-17,M003,2000,2045.5
2024-11-17,M001,5000,4762.6
2024-11-17,M002,3000,2864.7
2024-11-17,M004,2387,2440.8
2024-11-17,M005,2793,3179.1
2024-11-18,M001,4288,3536.2
2024-11-18,M003,1438,1394.3
2024-11-18,M004,1925,1690.3
2024-11-18,M005,2364,2344.3
2024-11-18,M002,0,0.0
2024-11-19,M003,1701,1343.0
2024-11-19,M001,4091,3603.0
2024-11-19,M002,2161,1978.3
2024-11-19,M004,1856,1633.7
2024-11-19,M005,2359,2464.5
2024-11-20,M001,4265,3720.7
2024-11-20,M003,1376,1342.5
2024-11-20,M002,2007,1942.9
2024-11-20,M004,1727,1755.6
2024-11-20,M005,2537,2800.0
2024-11-21,M002,2125,1963.0
2024-11-21,M001,4141,3628.7
2024-11-21,M005,2765,2763.5
2024-11-21,M004,1841,1663.5
2024-11-21,M003,1448,1382.0
2024-11-22,M002,2387,1950.5
2024-11-22,M005,2983,2771.9
2024-11-22,M001,0,0.0
2024-11-22,M004,1911,1666.7
2024-11-22,M003,1515,1365.4
2024-11-23,M005,4000,3963.0
2024-11-23,M001,5000,4326.6
2024-11-23,M002,3000,2760.0
2024-11-23,M004,2500,2435.6
2024-11-23,M003,2000,1952.6
2024-11-24,M003,2000,1944.8
2024-11-24,M004,2500,2473.8
2024-11-24,M005,2608,3067.5
2024-11-24,M001,5000,4773.3
2024-11-24,M002,3000,2781.1
2024-11-25,M005,1878,1961.2
2024-11-25,M002,0,0.0
2024-11-25,M004,1726,1656.4
2024-11-25,M001,4157,3660.8
2024-11-25,M003,1519,1379.2
2024-11-26,M001,3806,3526.8
2024-11-26,M004,1798,1623.0
2024-11-26,M005,2436,2362.2
2024-11-26,M003,1556,1334.3
2024-11-26,M002,1971,1965.2
2024-11-27,M005,1826,2031.5
2024-11-27,M004,1945,1648.5
2024-11-27,M002,1995,1910.1
2024-11-27,M003,1602,1315.8
2024-11-27,M001,3999,3893.8
2024-11-28,M003,1365,1369.4
2024-11-28,M005,2101,2370.4
2024-11-28,M002,2136,1900.6
2024-11-28,M004,1860,1662.9
2024-11-28,M001,3955,3673.3
2024-11-29,M005,2831,2812.8
2024-11-29,M004,1848,1627.5
2024-11-29,M003,1477,1360.7
2024-11-29,M002,2151,1917.2
2024-11-29,M001,0,0.0
2024-11-30,M003,2000,1933.8
2024-11-30,M002,3000,2760.4
2024-11-30,M004,2500,2449.0
2024-11-30,M005,2383,3205.6
2024-11-30,M001,5000,4521.9
2024-12-01,M002,3000,2782.1
2024-12-01,M005,3537,3823.6
2024-12-01,M004,2354,2449.7
2024-12-01,M001,5000,4750.1
2024-12-01,M003,2000,1987.8
2024-12-02,M003,1493,1346.5
2024-12-02,M005,2754,2755.0
2024-12-02,M002,0,0.0
2024-12-02,M001,3703,3761.3
2024-12-02,M004,1773,1670.8
2024-12-03,M004,1844,1713.8
2024-12-03,M003,1512,1342.3
2024-12-03,M001,4184,3916.9
2024-12-03,M005,1724,1993.5
2024-12-03,M002,1962,1738.3
2024-12-04,M005,2293,2365.3
2024-12-04,M004,1572,1543.7
2024-12-04,M001,3870,3699.1
2024-12-04,M003,1597,1372.6
2024-12-04,M002,1871,1808.7
2024-12-05,M002,2014,1905.4
2024-12-05,M001,4127,3863.9
2024-12-05,M004,1591,1520.1
2024-12-05,M005,1856,1998.4
2024-12-05,M003,1426,1330.3
2024-12-06,M002,2233,1906.0
2024-12-06,M004,1663,1498.3
2024-12-06,M001,0,0.0
2024-12-06,M003,1483,1348.8
2024-12-06,M005,1835,2017.0
2024-12-07,M005,2788,3257.8
2024-12-07,M004,2445,2322.5
2024-12-07,M002,2793,2677.4
2024-12-07,M001,5000,4598.2
2024-12-07,M003,2000,2002.5
2024-12-08,M001,5000,4700.4
2024-12-08,M002,2803,2648.0
2024-12-08,M005,3373,3841.5
2024-12-08,M003,2000,2011.0
2024-12-08,M004,2500,2291.4
2024-12-09,M005,2783,2767.1
2024-12-09,M002,0,0.0
2024-12-09,M001,4345,3704.6
2024-12-09,M004,1790,1638.8
2024-12-09,M003,1421,1387.8
2024-12-10,M002,1976,1691.8
2024-12-10,M004,1907,1637.4
2024-12-10,M001,4007,3806.9
2024-12-10,M005,2159,2466.9
2024-12-10,M003,1458,1360.4
2024-12-11,M001,3948,3787.3
2024-12-11,M005,2310,2403.0
2024-12-11,M002,2195,1893.2
2024-12-11,M004,1684,1561.0
2024-12-11,M003,1443,1383.4
2024-12-12,M001,3903,3785.4
2024-12-12,M004,1807,1646.3
2024-12-12,M005,2142,2075.6
2024-12-12,M002,2033,1939.3
2024-12-12,M003,1566,1320.9
2024-12-13,M004,1626,1705.4
2024-12-13,M005,2332,2466.8
2024-12-13,M001,0,0.0
2024-12-13,M002,2131,1903.2
2024-12-13,M003,1436,1366.0
2024-12-14,M005,3567,3700.6
2024-12-14,M002,2961,2739.7
2024-12-14,M004,2335,2369.8
2024-12-14,M001,5000,4586.6
2024-12-14,M003,2000,1888.3
2024-12-15,M005,3573,3601.4
2024-12-15,M001,5000,4728.3
2024-12-15,M002,3000,2765.4
2024-12-15,M003,2000,1937.4
2024-12-15,M004,2500,2415.3
2024-12-16,M003,1467,1342.5
2024-12-16,M005,2931,2749.5
2024-12-16,M004,1690,1509.6
2024-12-16,M001,3316,3554.3
2024-12-16,M002,0,0.0
2024-12-17,M005,1697,2012.5
2024-12-17,M001,3848,3523.5
2024-12-17,M002,2093,1883.9
2024-12-17,M003,1545,1385.2
2024-12-17,M004,1671,1602.0
2024-12-18,M004,1690,1597.6
2024-12-18,M001,3646,3681.6
2024-12-18,M002,2151,1912.9
2024-12-18,M003,1514,1332.6
2024-12-18,M005,2958,2775.1
2024-12-19,M001,4234,3750.9
2024-12-19,M005,1949,2020.4
2024-12-19,M003,1598,1356.5
2024-12-19,M002,2200,1906.6
2024-12-19,M004,1839,1645.9
2024-12-20,M001,0,0.0
2024-12-20,M004,1724,1628.5
2024-12-20,M005,2969,2804.1
2024-12-20,M002,2195,1963.1
2024-12-20,M003,1555,1364.3
2024-12-21,M002,3000,2743.7
2024-12-21,M001,5000,4564.9
2024-12-21,M005,2700,2999.3
2024-12-21,M003,2000,1987.4
2024-12-21,M004,2449,2370.9
2024-12-22,M005,3736,3621.5
2024-12-22,M003,2000,1998.4
2024-12-22,M001,5000,4645.9
2024-12-22,M002,3000,2809.7
2024-12-22,M004,2500,2413.9
2024-12-23,M005,2643,2524.6
2024-12-23,M004,1971,1503.8
2024-12-23,M001,4155,3599.4
2024-12-23,M002,0,27.6
2024-12-23,M003,1756,1364.2
2024-12-24,M005,3283,2743.8
2024-12-24,M001,4241,3819.1
2024-12-24,M004,1872,1676.1
2024-12-24,M002,2364,1989.4
2024-12-24,M003,1649,1330.8
2024-12-25,M002,3000,2925.4
2024-12-25,M004,2500,2437.7
2024-12-25,M005,4000,4284.5
2024-12-25,M001,5000,4268.7
2024-12-25,M003,2000,2199.5
2024-12-26,M001,4526,3730.7
2024-12-26,M002,2560,2081.5
2024-12-26,M004,2084,1764.0
2024-12-26,M005,3214,2760.2
2024-12-26,M003,1712,1368.1
2024-12-27,M005,2127,2029.2
2024-12-27,M001,0,0.0
2024-12-27,M004,1820,1619.5
2024-12-27,M002,2397,2033.8
2024-12-27,M003,1791,1401.1
2024-12-28,M003,2000,2222.6
2024-12-28,M001,5000,4520.1
2024-12-28,M005,4000,3992.4
2024-12-28,M002,3000,2936.9
2024-12-28,M004,2500,2495.7
2024-12-29,M001,5000,4716.0
2024-12-29,M003,2000,2205.2
2024-12-29,M002,3000,2929.4
2024-12-29,M005,3233,3051.6
2024-12-29,M004,2500,2530.4
2024-12-30,M005,3424,2715.8
2024-12-30,M002,0,0.0
2024-12-30,M001,4581,3771.4
2024-12-30,M004,2037,1751.7
2024-12-30,M003,1823,1426.8
2024-12-31,M003,1737,1427.1
2024-12-31,M002,2284,2090.8
2024-12-31,M001,4679,3605.0
2024-12-31,M004,1917,1760.2
2024-12-31,M005,2030,1983.6
