date,monument_id,actual,baseline_pred,proposed_model_pred,baseline_abs_error,model_abs_error
2024-10-01,M001,3350,2075.0,3101.4,1275.0,248.6
2024-10-01,M005,1691,2696.0,1987.5,1005.0,296.5
2024-10-01,M004,1614,1503.0,1418.7,111.0,195.3
2024-10-01,M002,1661,0.0,1680.3,1661.0,19.3
2024-10-01,M003,1225,860.0,1284.7,365.0,59.7
2024-10-02,M004,1885,1614.0,1796.1,271.0,88.9
2024-10-02,M003,1796,1225.0,1698.6,571.0,97.4
2024-10-02,M005,3285,1691.0,3381.5,1594.0,96.5
2024-10-02,M001,4069,3350.0,3877.0,719.0,192.0
2024-10-02,M002,2361,1661.0,2185.1,700.0,175.9
2024-10-03,M005,1968,3285.0,2439.1,1317.0,471.1
2024-10-03,M003,1269,1796.0,1289.2,527.0,20.2
2024-10-03,M002,1780,2361.0,1685.5,581.0,94.5
2024-10-03,M004,1590,1885.0,1427.3,295.0,162.7
2024-10-03,M001,3400,4069.0,3092.8,669.0,307.2
2024-10-04,M002,1686,1780.0,1682.6,94.0,3.4
2024-10-04,M005,1691,1968.0,2012.0,277.0,321.0
2024-10-04,M001,0,0.0,90.5,0.0,90.5
2024-10-04,M004,1415,1590.0,1496.1,175.0,81.1
2024-10-04,M003,1285,1269.0,1299.3,16.0,14.3
2024-10-05,M002,2735,1686.0,2412.2,1049.0,322.8
2024-10-05,M001,4685,0.0,4186.2,4685.0,498.8
2024-10-05,M005,2860,1691.0,3613.9,1169.0,753.9
2024-10-05,M003,1917,1285.0,1892.7,632.0,24.3
2024-10-05,M004,2100,1415.0,2239.0,685.0,139.0
2024-10-06,M003,1837,1917.0,1878.1,80.0,41.1
2024-10-06,M002,2583,2735.0,2657.5,152.0,74.5
2024-10-06,M004,2096,2100.0,2248.5,4.0,152.5
2024-10-06,M001,4846,4685.0,4602.1,161.0,243.9
2024-10-06,M005,2687,2860.0,3609.7,173.0,922.7
2024-10-07,M004,1494,2096.0,1516.6,602.0,22.6
2024-10-07,M002,0,0.0,0.0,0.0,0.0
2024-10-07,M001,3370,4846.0,3073.5,1476.0,296.5
2024-10-07,M003,1293,1837.0,1315.6,544.0,22.6
2024-10-07,M005,2408,2687.0,2745.5,279.0,337.5
2024-10-08,M002,1880,0.0,1793.0,1880.0,87.0
2024-10-08,M001,3425,3370.0,3477.4,55.0,52.4
2024-10-08,M004,1433,1494.0,1497.5,61.0,64.5
2024-10-08,M003,1294,1293.0,1289.2,1.0,4.8
2024-10-08,M005,2695,2408.0,2746.6,287.0,51.6
2024-10-09,M001,3432,3425.0,3460.3,7.0,28.3
2024-10-09,M004,1507,1433.0,1488.7,74.0,18.3
2024-10-09,M002,1685,1880.0,1858.1,195.0,173.1
2024-10-09,M005,1995,2695.0,2451.1,700.0,456.1
2024-10-09,M003,1365,1294.0,1305.0,71.0,60.0
2024-10-10,M004,1487,1507.0,1487.4,20.0,0.4
2024-10-10,M005,2038,1995.0,2401.8,43.0,363.8
2024-10-10,M001,3154,3432.0,3157.6,278.0,3.6
2024-10-10,M003,1295,1365.0,1284.7,70.0,10.3
2024-10-10,M002,1821,1685.0,1787.9,136.0,33.1
2024-10-11,M004,2218,1487.0,2370.7,731.0,152.7
2024-10-11,M002,3000,1821.0,2815.2,1179.0,184.8
2024-10-11,M005,4000,2038.0,4173.9,1962.0,173.9
2024-10-11,M003,2000,1295.0,1967.4,705.0,32.6
2024-10-11,M001,0,0.0,60.3,0.0,60.3
2024-10-12,M003,2000,2000.0,2201.9,0.0,201.9
2024-10-12,M005,4000,4000.0,3423.7,0.0,576.3
2024-10-12,M001,5000,0.0,4823.1,5000.0,176.9
2024-10-12,M002,3000,3000.0,3120.3,0.0,120.3
2024-10-12,M004,2500,2218.0,2622.8,282.0,122.8
2024-10-13,M003,1946,2000.0,1990.8,54.0,44.8
2024-10-13,M004,2294,2500.0,2282.7,206.0,11.3
2024-10-13,M002,2456,3000.0,2652.6,544.0,196.6
2024-10-13,M005,3716,4000.0,3953.4,284.0,237.4
2024-10-13,M001,4868,5000.0,4685.2,132.0,182.8
2024-10-14,M005,1764,3716.0,2042.2,1952.0,278.2
2024-10-14,M003,1260,1946.0,1320.0,686.0,60.0
2024-10-14,M001,3020,4868.0,3111.5,1848.0,91.5
2024-10-14,M004,1620,2294.0,1598.1,674.0,21.9
2024-10-14,M002,0,0.0,20.5,0.0,20.5
2024-10-15,M003,1249,1260.0,1315.7,11.0,66.7
2024-10-15,M001,3226,3020.0,2990.6,206.0,235.4
2024-10-15,M004,1616,1620.0,1602.5,4.0,13.5
2024-10-15,M005,1971,1764.0,2346.8,207.0,375.8
2024-10-15,M002,1821,0.0,1894.5,1821.0,73.5
2024-10-16,M005,2446,1971.0,2791.1,475.0,345.1
2024-10-16,M003,1256,1249.0,1301.0,7.0,45.0
2024-10-16,M002,1907,1821.0,1902.5,86.0,4.5
2024-10-16,M001,3097,3226.0,3171.7,129.0,74.7
2024-10-16,M004,1364,1616.0,1600.0,252.0,236.0
2024-10-17,M001,3098,3097.0,3153.2,1.0,55.2
2024-10-17,M004,1670,1364.0,1561.7,306.0,108.3
2024-10-17,M002,1904,1907.0,1915.4,3.0,11.4
2024-10-17,M003,1222,1256.0,1292.6,34.0,70.6
2024-10-17,M005,1755,2446.0,2138.6,691.0,383.6
2024-10-18,M005,2148,1755.0,2356.5,393.0,208.5
2024-10-18,M002,1787,1904.0,1885.1,117.0,98.1
2024-10-18,M003,1288,1222.0,1307.8,66.0,19.8
2024-10-18,M004,1493,1670.0,1578.3,177.0,85.3
2024-10-18,M001,0,0.0,23.9,0.0,23.9
2024-10-19,M005,3690,2148.0,3926.2,1542.0,236.2
2024-10-19,M001,4507,0.0,4174.5,4507.0,332.5
2024-10-19,M003,1803,1288.0,1944.3,515.0,141.3
2024-10-19,M002,2865,1787.0,2743.7,1078.0,121.3
2024-10-19,M004,2083,1493.0,2311.1,590.0,228.1
2024-10-20,M003,1803,1803.0,1968.6,0.0,165.6
2024-10-20,M004,2209,2083.0,2257.4,126.0,48.4
2024-10-20,M001,4786,4507.0,4646.6,279.0,139.4
2024-10-20,M002,2556,2865.0,2724.7,309.0,168.7
2024-10-20,M005,3704,3690.0,4105.2,14.0,401.2
2024-10-21,M002,0,0.0,3.8,0.0,3.8
2024-10-21,M005,2117,3704.0,2425.3,1587.0,308.3
2024-10-21,M003,1278,1803.0,1260.2,525.0,17.8
2024-10-21,M001,3487,4786.0,3028.0,1299.0,459.0
2024-10-21,M004,1521,2209.0,1524.8,688.0,3.8
2024-10-22,M002,1738,0.0,1763.1,1738.0,25.1
2024-10-22,M005,2592,2117.0,2748.9,475.0,156.9
2024-10-22,M003,1207,1278.0,1289.9,71.0,82.9
2024-10-22,M001,3137,3487.0,3140.6,350.0,3.6
2024-10-22,M004,1573,1521.0,1494.5,52.0,78.5
2024-10-23,M002,1877,1738.0,1795.1,139.0,81.9
2024-10-23,M001,3253,3137.0,3102.0,116.0,151.0
2024-10-23,M003,1363,1207.0,1278.8,156.0,84.2
2024-10-23,M005,2475,2592.0,2737.1,117.0,262.1
2024-10-23,M004,1475,1573.0,1487.3,98.0,12.3
2024-10-24,M005,2056,2475.0,2374.7,419.0,318.7
2024-10-24,M001,3072,3253.0,3156.5,181.0,84.5
2024-10-24,M004,1364,1475.0,1496.2,111.0,132.2
2024-10-24,M003,1254,1363.0,1288.4,109.0,34.4
2024-10-24,M002,1864,1877.0,1818.5,13.0,45.5
2024-10-25,M001,0,0.0,0.0,0.0,0.0
2024-10-25,M002,1906,1864.0,1806.8,42.0,99.2
2024-10-25,M004,1532,1364.0,1469.5,168.0,62.5
2024-10-25,M005,2582,2056.0,2799.8,526.0,217.8
2024-10-25,M003,1286,1254.0,1256.7,32.0,29.3
2024-10-26,M003,1990,1286.0,1921.9,704.0,68.1
2024-10-26,M004,2289,1532.0,2221.1,757.0,67.9
2024-10-26,M005,2803,2582.0,3543.7,221.0,740.7
2024-10-26,M001,4636,0.0,4191.5,4636.0,444.5
2024-10-26,M002,2637,1906.0,2705.8,731.0,68.8
2024-10-27,M004,2214,2289.0,2217.8,75.0,3.8
2024-10-27,M002,2396,2637.0,2728.0,241.0,332.0
2024-10-27,M001,4526,4636.0,4317.6,110.0,208.4
2024-10-27,M005,2943,2803.0,3133.9,140.0,190.9
2024-10-27,M003,1712,1990.0,1925.6,278.0,213.6
2024-10-28,M005,2225,2943.0,2445.5,718.0,220.5
2024-10-28,M003,1249,1712.0,1246.4,463.0,2.6
2024-10-28,M002,0,0.0,53.8,0.0,53.8
2024-10-28,M004,1453,2214.0,1514.3,761.0,61.3
2024-10-28,M001,3293,4526.0,3043.0,1233.0,250.0
2024-10-29,M004,1527,1453.0,1477.6,74.0,49.4
2024-10-29,M003,1335,1249.0,1272.6,86.0,62.4
2024-10-29,M001,3331,3293.0,3147.2,38.0,183.8
2024-10-29,M005,2488,2225.0,2752.1,263.0,264.1
2024-10-29,M002,1758,0.0,1777.9,1758.0,19.9
2024-10-30,M005,2148,2488.0,2467.0,340.0,319.0
2024-10-30,M001,3421,3331.0,3100.0,90.0,321.0
2024-10-30,M004,1571,1527.0,1520.5,44.0,50.5
2024-10-30,M002,1783,1758.0,1785.8,25.0,2.8
2024-10-30,M003,1252,1335.0,1264.7,83.0,12.7
2024-10-31,M001,4918,3421.0,4488.4,1497.0,429.6
2024-10-31,M004,2305,1571.0,2374.0,734.0,69.0
2024-10-31,M003,2000,1252.0,1986.1,748.0,13.9
2024-10-31,M002,2650,1783.0,2678.3,867.0,28.3
2024-10-31,M005,3479,2148.0,4051.9,1331.0,572.9
2024-11-01,M004,2500,2305.0,2393.5,195.0,106.5
2024-11-01,M005,2917,3479.0,3904.0,562.0,987.0
2024-11-01,M001,0,0.0,0.0,0.0,0.0
2024-11-01,M003,2000,2000.0,2013.0,0.0,13.0
2024-11-01,M002,3000,2650.0,2631.4,350.0,368.6
2024-11-02,M004,2500,2500.0,2654.7,0.0,154.7
2024-11-02,M002,3000,3000.0,3054.6,0.0,54.6
2024-11-02,M001,5000,0.0,4607.2,5000.0,392.8
2024-11-02,M005,3401,2917.0,3179.6,484.0,221.4
2024-11-02,M003,2000,2000.0,2144.5,0.0,144.5
2024-11-03,M004,2500,2500.0,2480.5,0.0,19.5
2024-11-03,M002,2873,3000.0,2751.6,127.0,121.4
2024-11-03,M001,5000,5000.0,4716.4,0.0,283.6
2024-11-03,M003,2000,2000.0,1958.9,0.0,41.1
2024-11-03,M005,2628,3401.0,3075.3,773.0,447.3
2024-11-04,M005,2675,2628.0,2770.8,47.0,95.8
2024-11-04,M003,1519,2000.0,1345.3,481.0,173.7
2024-11-04,M001,4432,5000.0,3437.4,568.0,994.6
2024-11-04,M004,1966,2500.0,1679.2,534.0,286.8
2024-11-04,M002,0,0.0,0.0,0.0,0.0
2024-11-05,M002,2268,0.0,1942.9,2268.0,325.1
2024-11-05,M004,1794,1966.0,1749.8,172.0,44.2
2024-11-05,M005,2413,2675.0,2336.9,262.0,76.1
2024-11-05,M003,1336,1519.0,1349.0,183.0,13.0
2024-11-05,M001,4315,4432.0,3616.5,117.0,698.5
2024-11-06,M001,4037,4315.0,3710.0,278.0,327.0
2024-11-06,M002,2180,2268.0,2006.2,88.0,173.8
2024-11-06,M003,1493,1336.0,1372.0,157.0,121.0
2024-11-06,M005,1955,2413.0,1980.7,458.0,25.7
2024-11-06,M004,1803,1794.0,1746.6,9.0,56.4
2024-11-07,M004,1769,1803.0,1784.0,34.0,15.0
2024-11-07,M001,4038,4037.0,3777.3,1.0,260.7
2024-11-07,M002,2220,2180.0,2027.4,40.0,192.6
2024-11-07,M003,1474,1493.0,1386.9,19.0,87.1
2024-11-07,M005,1928,1955.0,2115.7,27.0,187.7
2024-11-08,M001,0,0.0,0.0,0.0,0.0
2024-11-08,M005,2998,1928.0,2808.2,1070.0,189.8
2024-11-08,M004,1882,1769.0,1698.1,113.0,183.9
2024-11-08,M003,1429,1474.0,1374.5,45.0,54.5
2024-11-08,M002,2167,2220.0,1997.2,53.0,169.8
2024-11-09,M005,2833,2998.0,3215.0,165.0,382.0
2024-11-09,M004,2500,1882.0,2429.8,618.0,70.2
2024-11-09,M003,2000,1429.0,1935.9,571.0,64.1
2024-11-09,M002,3000,2167.0,2749.3,833.0,250.7
2024-11-09,M001,5000,0.0,4554.9,5000.0,445.1
2024-11-10,M001,5000,5000.0,4442.6,0.0,557.4
2024-11-10,M004,2500,2500.0,2435.3,0.0,64.7
2024-11-10,M002,3000,3000.0,2778.1,0.0,221.9
2024-11-10,M003,2000,2000.0,2001.2,0.0,1.2
2024-11-10,M005,3294,2833.0,3684.6,461.0,390.6
2024-11-11,M005,2213,3294.0,2335.1,1081.0,122.1
2024-11-11,M003,1474,2000.0,1341.8,526.0,132.2
2024-11-11,M001,3710,5000.0,3665.2,1290.0,44.8
2024-11-11,M002,0,0.0,0.0,0.0,0.0
2024-11-11,M004,1847,2500.0,1672.1,653.0,174.9
2024-11-12,M005,1821,2213.0,2006.3,392.0,185.3
2024-11-12,M002,2270,0.0,1956.2,2270.0,313.8
2024-11-12,M001,3795,3710.0,3883.1,85.0,88.1
2024-11-12,M004,1657,1847.0,1643.7,190.0,13.3
2024-11-12,M003,1513,1474.0,1272.9,39.0,240.1
2024-11-13,M003,1581,1513.0,1351.5,68.0,229.5
2024-11-13,M004,1906,1657.0,1677.6,249.0,228.4
2024-11-13,M002,2135,2270.0,1983.0,135.0,152.0
2024-11-13,M001,3743,3795.0,3837.3,52.0,94.3
2024-11-13,M005,1730,1821.0,2033.5,91.0,303.5
2024-11-14,M005,2321,1730.0,2468.8,591.0,147.8
2024-11-14,M004,1771,1906.0,1651.0,135.0,120.0
2024-11-14,M001,4130,3743.0,3559.5,387.0,570.5
2024-11-14,M003,1409,1581.0,1332.1,172.0,76.9
2024-11-14,M002,2152,2135.0,1943.9,17.0,208.1
2024-11-15,M001,0,0.0,0.0,0.0,0.0
2024-11-15,M002,2881,2152.0,2606.7,729.0,274.3
2024-11-15,M003,1822,1409.0,1846.0,413.0,24.0
2024-11-15,M005,3247,2321.0,3349.9,926.0,102.9
2024-11-15,M004,2283,1771.0,2077.8,512.0,205.2
2024-11-16,M003,2000,1822.0,2039.3,178.0,39.3
2024-11-16,M005,3984,3247.0,4018.9,737.0,34.9
2024-11-16,M002,2966,2881.0,2812.5,85.0,153.5
2024-11-16,M001,5000,0.0,4614.4,5000.0,385.6
2024-11-16,M004,2500,2283.0,2405.7,217.0,94.3
2024-11-17,M003,2000,2000.0,2045.5,0.0,45.5
2024-11-17,M001,5000,5000.0,4762.6,0.0,237.4
2024-11-17,M002,3000,2966.0,2864.7,34.0,135.3
2024-11-17,M004,2387,2500.0,2440.8,113.0,53.8
2024-11-17,M005,2793,3984.0,3179.1,1191.0,386.1
2024-11-18,M001,4288,5000.0,3536.2,712.0,751.8
2024-11-18,M003,1438,2000.0,1394.3,562.0,43.7
2024-11-18,M004,1925,2387.0,1690.3,462.0,234.7
2024-11-18,M005,2364,2793.0,2344.3,429.0,19.7
2024-11-18,M002,0,0.0,0.0,0.0,0.0
2024-11-19,M003,1701,1438.0,1343.0,263.0,358.0
2024-11-19,M001,4091,4288.0,3603.0,197.0,488.0
2024-11-19,M002,2161,0.0,1978.3,2161.0,182.7
2024-11-19,M004,1856,1925.0,1633.7,69.0,222.3
2024-11-19,M005,2359,2364.0,2464.5,5.0,105.5
2024-11-20,M001,4265,4091.0,3720.7,174.0,544.3
2024-11-20,M003,1376,1701.0,1342.5,325.0,33.5
2024-11-20,M002,2007,2161.0,1942.9,154.0,64.1
2024-11-20,M004,1727,1856.0,1755.6,129.0,28.6
2024-11-20,M005,2537,2359.0,2800.0,178.0,263.0
2024-11-21,M002,2125,2007.0,1963.0,118.0,162.0
2024-11-21,M001,4141,4265.0,3628.7,124.0,512.3
2024-11-21,M005,2765,2537.0,2763.5,228.0,1.5
2024-11-21,M004,1841,1727.0,1663.5,114.0,177.5
2024-11-21,M003,1448,1376.0,1382.0,72.0,66.0
2024-11-22,M002,2387,2125.0,1950.5,262.0,436.5
2024-11-22,M005,2983,2765.0,2771.9,218.0,211.1
2024-11-22,M001,0,0.0,0.0,0.0,0.0
2024-11-22,M004,1911,1841.0,1666.7,70.0,244.3
2024-11-22,M003,1515,1448.0,1365.4,67.0,149.6
2024-11-23,M005,4000,2983.0,3963.0,1017.0,37.0
2024-11-23,M001,5000,0.0,4326.6,5000.0,673.4
2024-11-23,M002,3000,2387.0,2760.0,613.0,240.0
2024-11-23,M004,2500,1911.0,2435.6,589.0,64.4
2024-11-23,M003,2000,1515.0,1952.6,485.0,47.4
2024-11-24,M003,2000,2000.0,1944.8,0.0,55.2
2024-11-24,M004,2500,2500.0,2473.8,0.0,26.2
2024-11-24,M005,2608,4000.0,3067.5,1392.0,459.5
2024-11-24,M001,5000,5000.0,4773.3,0.0,226.7
2024-11-24,M002,3000,3000.0,2781.1,0.0,218.9
2024-11-25,M005,1878,2608.0,1961.2,730.0,83.2
2024-11-25,M002,0,0.0,0.0,0.0,0.0
2024-11-25,M004,1726,2500.0,1656.4,774.0,69.6
2024-11-25,M001,4157,5000.0,3660.8,843.0,496.2
2024-11-25,M003,1519,2000.0,1379.2,481.0,139.8
2024-11-26,M001,3806,4157.0,3526.8,351.0,279.2
2024-11-26,M004,1798,1726.0,1623.0,72.0,175.0
2024-11-26,M005,2436,1878.0,2362.2,558.0,73.8
2024-11-26,M003,1556,1519.0,1334.3,37.0,221.7
2024-11-26,M002,1971,0.0,1965.2,1971.0,5.8
2024-11-27,M005,1826,2436.0,2031.5,610.0,205.5
2024-11-27,M004,1945,1798.0,1648.5,147.0,296.5
2024-11-27,M002,1995,1971.0,1910.1,24.0,84.9
2024-11-27,M003,1602,1556.0,1315.8,46.0,286.2
2024-11-27,M001,3999,3806.0,3893.8,193.0,105.2
2024-11-28,M003,1365,1602.0,1369.4,237.0,4.4
2024-11-28,M005,2101,1826.0,2370.4,275.0,269.4
2024-11-28,M002,2136,1995.0,1900.6,141.0,235.4
2024-11-28,M004,1860,1945.0,1662.9,85.0,197.1
2024-11-28,M001,3955,3999.0,3673.3,44.0,281.7
2024-11-29,M005,2831,2101.0,2812.8,730.0,18.2
2024-11-29,M004,1848,1860.0,1627.5,12.0,220.5
2024-11-29,M003,1477,1365.0,1360.7,112.0,116.3
2024-11-29,M002,2151,2136.0,1917.2,15.0,233.8
2024-11-29,M001,0,0.0,0.0,0.0,0.0
2024-11-30,M003,2000,1477.0,1933.8,523.0,66.2
2024-11-30,M002,3000,2151.0,2760.4,849.0,239.6
2024-11-30,M004,2500,1848.0,2449.0,652.0,51.0
2024-11-30,M005,2383,2831.0,3205.6,448.0,822.6
2024-11-30,M001,5000,0.0,4521.9,5000.0,478.1
2024-12-01,M002,3000,3000.0,2782.1,0.0,217.9
2024-12-01,M005,3537,2383.0,3823.6,1154.0,286.6
2024-12-01,M004,2354,2500.0,2449.7,146.0,95.7
2024-12-01,M001,5000,5000.0,4750.1,0.0,249.9
2024-12-01,M003,2000,2000.0,1987.8,0.0,12.2
2024-12-02,M003,1493,2000.0,1346.5,507.0,146.5
2024-12-02,M005,2754,3537.0,2755.0,783.0,1.0
2024-12-02,M002,0,0.0,0.0,0.0,0.0
2024-12-02,M001,3703,5000.0,3761.3,1297.0,58.3
2024-12-02,M004,1773,2354.0,1670.8,581.0,102.2
2024-12-03,M004,1844,1773.0,1713.8,71.0,130.2
2024-12-03,M003,1512,1493.0,1342.3,19.0,169.7
2024-12-03,M001,4184,3703.0,3916.9,481.0,267.1
2024-12-03,M005,1724,2754.0,1993.5,1030.0,269.5
2024-12-03,M002,1962,0.0,1738.3,1962.0,223.7
2024-12-04,M005,2293,1724.0,2365.3,569.0,72.3
2024-12-04,M004,1572,1844.0,1543.7,272.0,28.3
2024-12-04,M001,3870,4184.0,3699.1,314.0,170.9
2024-12-04,M003,1597,1512.0,1372.6,85.0,224.4
2024-12-04,M002,1871,1962.0,1808.7,91.0,62.3
2024-12-05,M002,2014,1871.0,1905.4,143.0,108.6
2024-12-05,M001,4127,3870.0,3863.9,257.0,263.1
2024-12-05,M004,1591,1572.0,1520.1,19.0,70.9
2024-12-05,M005,1856,2293.0,1998.4,437.0,142.4
2024-12-05,M003,1426,1597.0,1330.3,171.0,95.7
2024-12-06,M002,2233,2014.0,1906.0,219.0,327.0
2024-12-06,M004,1663,1591.0,1498.3,72.0,164.7
2024-12-06,M001,0,0.0,0.0,0.0,0.0
2024-12-06,M003,1483,1426.0,1348.8,57.0,134.2
2024-12-06,M005,1835,1856.0,2017.0,21.0,182.0
2024-12-07,M005,2788,1835.0,3257.8,953.0,469.8
2024-12-07,M004,2445,1663.0,2322.5,782.0,122.5
2024-12-07,M002,2793,2233.0,2677.4,560.0,115.6
2024-12-07,M001,5000,0.0,4598.2,5000.0,401.8
2024-12-07,M003,2000,1483.0,2002.5,517.0,2.5
2024-12-08,M001,5000,5000.0,4700.4,0.0,299.6
2024-12-08,M002,2803,2793.0,2648.0,10.0,155.0
2024-12-08,M005,3373,2788.0,3841.5,585.0,468.5
2024-12-08,M003,2000,2000.0,2011.0,0.0,11.0
2024-12-08,M004,2500,2445.0,2291.4,55.0,208.6
2024-12-09,M005,2783,3373.0,2767.1,590.0,15.9
2024-12-09,M002,0,0.0,0.0,0.0,0.0
2024-12-09,M001,4345,5000.0,3704.6,655.0,640.4
2024-12-09,M004,1790,2500.0,1638.8,710.0,151.2
2024-12-09,M003,1421,2000.0,1387.8,579.0,33.2
2024-12-10,M002,1976,0.0,1691.8,1976.0,284.2
2024-12-10,M004,1907,1790.0,1637.4,117.0,269.6
2024-12-10,M001,4007,4345.0,3806.9,338.0,200.1
2024-12-10,M005,2159,2783.0,2466.9,624.0,307.9
2024-12-10,M003,1458,1421.0,1360.4,37.0,97.6
2024-12-11,M001,3948,4007.0,3787.3,59.0,160.7
2024-12-11,M005,2310,2159.0,2403.0,151.0,93.0
2024-12-11,M002,2195,1976.0,1893.2,219.0,301.8
2024-12-11,M004,1684,1907.0,1561.0,223.0,123.0
2024-12-11,M003,1443,1458.0,1383.4,15.0,59.6
2024-12-12,M001,3903,3948.0,3785.4,45.0,117.6
2024-12-12,M004,1807,1684.0,1646.3,123.0,160.7
2024-12-12,M005,2142,2310.0,2075.6,168.0,66.4
2024-12-12,M002,2033,2195.0,1939.3,162.0,93.7
2024-12-12,M003,1566,1443.0,1320.9,123.0,245.1
2024-12-13,M004,1626,1807.0,1705.4,181.0,79.4
2024-12-13,M005,2332,2142.0,2466.8,190.0,134.8
2024-12-13,M001,0,0.0,0.0,0.0,0.0
2024-12-13,M002,2131,2033.0,1903.2,98.0,227.8
2024-12-13,M003,1436,1566.0,1366.0,130.0,70.0
2024-12-14,M005,3567,2332.0,3700.6,1235.0,133.6
2024-12-14,M002,2961,2131.0,2739.7,830.0,221.3
2024-12-14,M004,2335,1626.0,2369.8,709.0,34.8
2024-12-14,M001,5000,0.0,4586.6,5000.0,413.4
2024-12-14,M003,2000,1436.0,1888.3,564.0,111.7
2024-12-15,M005,3573,3567.0,3601.4,6.0,28.4
2024-12-15,M001,5000,5000.0,4728.3,0.0,271.7
2024-12-15,M002,3000,2961.0,2765.4,39.0,234.6
2024-12-15,M003,2000,2000.0,1937.4,0.0,62.6
2024-12-15,M004,2500,2335.0,2415.3,165.0,84.7
2024-12-16,M003,1467,2000.0,1342.5,533.0,124.5
2024-12-16,M005,2931,3573.0,2749.5,642.0,181.5
2024-12-16,M004,1690,2500.0,1509.6,810.0,180.4
2024-12-16,M001,3316,5000.0,3554.3,1684.0,238.3
2024-12-16,M002,0,0.0,0.0,0.0,0.0
2024-12-17,M005,1697,2931.0,2012.5,1234.0,315.5
2024-12-17,M001,3848,3316.0,3523.5,532.0,324.5
2024-12-17,M002,2093,0.0,1883.9,2093.0,209.1
2024-12-17,M003,1545,1467.0,1385.2,78.0,159.8
2024-12-17,M004,1671,1690.0,1602.0,19.0,69.0
2024-12-18,M004,1690,1671.0,1597.6,19.0,92.4
2024-12-18,M001,3646,3848.0,3681.6,202.0,35.6
2024-12-18,M002,2151,2093.0,1912.9,58.0,238.1
2024-12-18,M003,1514,1545.0,1332.6,31.0,181.4
2024-12-18,M005,2958,1697.0,2775.1,1261.0,182.9
2024-12-19,M001,4234,3646.0,3750.9,588.0,483.1
2024-12-19,M005,1949,2958.0,2020.4,1009.0,71.4
2024-12-19,M003,1598,1514.0,1356.5,84.0,241.5
2024-12-19,M002,2200,2151.0,1906.6,49.0,293.4
2024-12-19,M004,1839,1690.0,1645.9,149.0,193.1
2024-12-20,M001,0,0.0,0.0,0.0,0.0
2024-12-20,M004,1724,1839.0,1628.5,115.0,95.5
2024-12-20,M005,2969,1949.0,2804.1,1020.0,164.9
2024-12-20,M002,2195,2200.0,1963.1,5.0,231.9
2024-12-20,M003,1555,1598.0,1364.3,43.0,190.7
2024-12-21,M002,3000,2195.0,2743.7,805.0,256.3
2024-12-21,M001,5000,0.0,4564.9,5000.0,435.1
2024-12-21,M005,2700,2969.0,2999.3,269.0,299.3
2024-12-21,M003,2000,1555.0,1987.4,445.0,12.6
2024-12-21,M004,2449,1724.0,2370.9,725.0,78.1
2024-12-22,M005,3736,2700.0,3621.5,1036.0,114.5
2024-12-22,M003,2000,2000.0,1998.4,0.0,1.6
2024-12-22,M001,5000,5000.0,4645.9,0.0,354.1
2024-12-22,M002,3000,3000.0,2809.7,0.0,190.3
2024-12-22,M004,2500,2449.0,2413.9,51.0,86.1
2024-12-23,M005,2643,3736.0,2524.6,1093.0,118.4
2024-12-23,M004,1971,2500.0,1503.8,529.0,467.2
2024-12-23,M001,4155,5000.0,3599.4,845.0,555.6
2024-12-23,M002,0,0.0,27.6,0.0,27.6
2024-12-23,M003,1756,2000.0,1364.2,244.0,391.8
2024-12-24,M005,3283,2643.0,2743.8,640.0,539.2
2024-12-24,M001,4241,4155.0,3819.1,86.0,421.9
2024-12-24,M004,1872,1971.0,1676.1,99.0,195.9
2024-12-24,M002,2364,0.0,1989.4,2364.0,374.6
2024-12-24,M003,1649,1756.0,1330.8,107.0,318.2
2024-12-25,M002,3000,2364.0,2925.4,636.0,74.6
2024-12-25,M004,2500,1872.0,2437.7,628.0,62.3
2024-12-25,M005,4000,3283.0,4284.5,717.0,284.5
2024-12-25,M001,5000,4241.0,4268.7,759.0,731.3
2024-12-25,M003,2000,1649.0,2199.5,351.0,199.5
2024-12-26,M001,4526,5000.0,3730.7,474.0,795.3
2024-12-26,M002,2560,3000.0,2081.5,440.0,478.5
2024-12-26,M004,2084,2500.0,1764.0,416.0,320.0
2024-12-26,M005,3214,4000.0,2760.2,786.0,453.8
2024-12-26,M003,1712,2000.0,1368.1,288.0,343.9
2024-12-27,M005,2127,3214.0,2029.2,1087.0,97.8
2024-12-27,M001,0,0.0,0.0,0.0,0.0
2024-12-27,M004,1820,2084.0,1619.5,264.0,200.5
2024-12-27,M002,2397,2560.0,2033.8,163.0,363.2
2024-12-27,M003,1791,1712.0,1401.1,79.0,389.9
2024-12-28,M003,2000,1791.0,2222.6,209.0,222.6
2024-12-28,M001,5000,0.0,4520.1,5000.0,479.9
2024-12-28,M005,4000,2127.0,3992.4,1873.0,7.6
2024-12-28,M002,3000,2397.0,2936.9,603.0,63.1
2024-12-28,M004,2500,1820.0,2495.7,680.0,4.3
2024-12-29,M001,5000,5000.0,4716.0,0.0,284.0
2024-12-29,M003,2000,2000.0,2205.2,0.0,205.2
2024-12-29,M002,3000,3000.0,2929.4,0.0,70.6
2024-12-29,M005,3233,4000.0,3051.6,767.0,181.4
2024-12-29,M004,2500,2500.0,2530.4,0.0,30.4
2024-12-30,M005,3424,3233.0,2715.8,191.0,708.2
2024-12-30,M002,0,0.0,0.0,0.0,0.0
2024-12-30,M001,4581,5000.0,3771.4,419.0,809.6
2024-12-30,M004,2037,2500.0,1751.7,463.0,285.3
2024-12-30,M003,1823,2000.0,1426.8,177.0,396.2
2024-12-31,M003,1737,1823.0,1427.1,86.0,309.9
2024-12-31,M002,2284,0.0,2090.8,2284.0,193.2
2024-12-31,M001,4679,4581.0,3605.0,98.0,1074.0
2024-12-31,M004,1917,2037.0,1760.2,120.0,156.8
2024-12-31,M005,2030,3424.0,1983.6,1394.0,46.4
